,Visitors,Conversions,Conversion Rate,Uplift,Power,Z-score,P-value
Control,4720,582,0.12330508474576271,,,,
Treatment,4720,593,0.125635593220339,0.018900343642611617,0.07735438112120992,0.342955932739339,0.7316316123467367
